Seller,Weight
Scoops by Shelly,224.26
Scoops by Shelly,298.35
Scoops by Shelly,259.49
Scoops by Shelly,371.21
Scoops by Shelly,296.12
Scoops by Shelly,379.76
Scoops by Shelly,359.4
Scoops by Shelly,366.99
Scoops by Shelly,313.46
Scoops by Shelly,308.67
Scoops by Shelly,357.22
Scoops by Shelly,269.4
Scoops by Shelly,323.89
Scoops by Shelly,297.08
Scoops by Shelly,367.43
Scoops by Shelly,393.34
Scoops by Shelly,278.5
Scoops by Shelly,232.93
Scoops by Shelly,323.39
Scoops by Shelly,305.82
Scoops by Shelly,307.76
Scoops by Shelly,364.26
Scoops by Shelly,367.04
Scoops by Shelly,319.58
Scoops by Shelly,271.67
Scoops by Shelly,272.17
Scoops by Shelly,391.28
Scoops by Shelly,329.68
Scoops by Shelly,211.87
Scoops by Shelly,248.69
Scoops by Shelly,252.98
Scoops by Shelly,283.51
Scoops by Shelly,348.63
Scoops by Shelly,334.91
Scoops by Shelly,296.05
Scoops by Shelly,360.71
Scoops by Shelly,255.27
Scoops by Shelly,296.33
Scoops by Shelly,378.03
Scoops by Shelly,358.5
Crystals by Cathy,383.0
Crystals by Cathy,397.19
Crystals by Cathy,456.24
Crystals by Cathy,468.68
Crystals by Cathy,435.62
Crystals by Cathy,435.24
Crystals by Cathy,395.77
Crystals by Cathy,363.63
Crystals by Cathy,454.52
Crystals by Cathy,383.75
Crystals by Cathy,450.22
Crystals by Cathy,322.89
Crystals by Cathy,390.13
Crystals by Cathy,397.98
Crystals by Cathy,468.77
Crystals by Cathy,419.7
Crystals by Cathy,362.0
Crystals by Cathy,413.43
Crystals by Cathy,394.88
Crystals by Cathy,311.95
Crystals by Cathy,426.96
Crystals by Cathy,420.41
Crystals by Cathy,397.91
Crystals by Cathy,449.7
Crystals by Cathy,340.37
Crystals by Cathy,361.47
Crystals by Cathy,387.33
Crystals by Cathy,392.26
Crystals by Cathy,406.78
Crystals by Cathy,392.91
Crystals by Cathy,403.09
Crystals by Cathy,486.62
Crystals by Cathy,384.66
Crystals by Cathy,290.64
Crystals by Cathy,437.26
Crystals by Cathy,448.93
Crystals by Cathy,403.07
Crystals by Cathy,480.7
Crystals by Cathy,382.05
Crystals by Cathy,314.21
