name,section
Anya Iatypd,10AM
Nathaniel Kcyrfu,11AM
Jae Oadpmw,10AM
Varun Kzxuhw,9AM
Kayla Wkilwk,11AM
Janice Jjqyfy,11AM
Brendon Nlucyw,10AM
Aniket Wkmxxp,11AM
Berlen Wionbq,11AM
Theo Ktkxms,11AM
Arlette Fmknkw,9AM
Chase Jkxwub,11AM
Ngan Orkuaj,10AM
Casey Gefhjy,10AM
Cecilia Iydcsp,11AM
Melissa Gtrmld,10AM
Amit Usfagv,10AM
Kevin Qsiurj,10AM
Ziting Lcopth,10AM
Bruce Fnarcv,9AM
Kevin Yponxn,11AM
Raymond Ugkjal,9AM
Rashaun Ekqoic,11AM
Suphala Rcizbt,10AM
Athira Nndeor,11AM
Rohan Meyvfi,9AM
Ibrahim Gxipxh,9AM
Eddie Jikvfc,9AM
Sarah Ktwqyp,10AM
Devadatta Ttinph,9AM
Darwin Aytaag,10AM
Kathy Bevkuo,9AM
Haoyu Isqjaq,11AM
Megha Gxmdrj,10AM
Seanna Aduxgz,9AM
Ruby Lopqun,9AM
Tom Jcejlv,11AM
Jasmine Nztgqf,9AM
Simon Cysxkt,9AM
Crystal Phlykf,9AM
Jet Gamofg,9AM
Francis Dpscjf,9AM
Andre Ldzrds,11AM
Parth Ylejtt,10AM
Justin Knurwa,11AM
Zhanlin Toshyr,9AM
Wenyi Oobcjh,10AM
Aahil Tfxzox,10AM
Nandika Efreeb,11AM
Gongyu Xsllcq,10AM
Jingyang Lpkhvo,10AM
Jian-Peng Gchamu,11AM
Max Ixlpra,11AM
Nadine Asvqwo,11AM
Heiko Ktyfro,10AM
Travis Iqvnzt,11AM
Ruoxi Fztyaj,9AM
Sahana Xkalop,11AM
Irene Aogrzq,9AM
Aylin Cgmipd,11AM
Ziqin Ttkapv,11AM
Sebastian Imlfnp,11AM
Pradnya Wgigsw,11AM
Nick Lasoab,9AM
Saumya Egafdu,9AM
Ankey Ybzpfx,9AM
Kent Hvjcvn,9AM
Stanley Rirwnl,9AM
Andres Oqwlvm,11AM
David Qedvjh,9AM
Xinqing Stlkak,9AM
Partaap Jausom,11AM
Haoyun Zrgeqv,10AM
Jiayi Luezeb,10AM
Li-Pin Jwdkxk,11AM
Jasmin Yidwxg,9AM
Aysha Aejrqu,10AM
Katelyn Khhhpv,11AM
Franco Peiihw,9AM
Yifan Cglkll,11AM
Wenyao Akwnlg,11AM
Natasha Drzgrc,10AM
Alvin Rhgiux,11AM
Hargen Pzpyld,9AM
Isabelle Lgyfkf,11AM
Xinyi Bmewce,10AM
Sean Egshwr,11AM
Ariana Uvpigr,10AM
Shreya Kbjldb,10AM
Trong Kirvae,9AM
Mohsin Pooowi,10AM
Abhay Dvlkxc,9AM
Borui Ooazxc,9AM
Shaheer Vlxeel,9AM
Runjie Nfmodx,11AM
Botao Ncqczo,11AM
Raymond Iuttam,11AM
Nestor Zankhe,9AM
Grace Syrsoo,10AM
Donna Khywqr,9AM
Junghwan Rovtyw,10AM
Aditya Bxyumx,9AM
Alisa(Zihui) Ukjtwo,10AM
Hrag Unqnkm,10AM
Baoyi Fpevqg,9AM
Bryan Byowtn,11AM
Julien Embvud,9AM
Pedro Ftbqju,11AM
Minh-Huu Ofqewq,9AM
Jason Arofzf,11AM
Jingyi Fqchmg,9AM
Tianyi Uvljfl,11AM
Arianna Uacqet,10AM
Chang Lactlt,11AM
Cosun Wydctq,11AM
Ethan Ftngzl,9AM
Eric Rkekao,11AM
Victoria Vyrowi,9AM
Ruinan Mzxyrf,9AM
Sung Mzwpxq,11AM
Michelle Ovypkn,9AM
Sascha Alrtil,10AM
Namitha Htuchr,11AM
William Okxwce,11AM
Kotaro Felaaq,10AM
Lora Lputru,11AM
Saloni Kcvbrb,11AM
Eddie Swfund,9AM
Javier Jiliwp,11AM
Giovanni Amvjdg,11AM
Matt Mpznhb,10AM
Artemis Srjrjh,11AM
Jacky Umxdev,10AM
Deepika Yvwtpp,10AM
Chloe Txifrc,10AM
Eduardo Cmuypg,10AM
Janice Qzrvds,9AM
Ellie Crnfvo,9AM
Timothy Zvwpkl,10AM
Palak Gupptr,9AM
Ryan Pxydjz,9AM
Deng Fzcbeb,11AM
Cameron Gtgsxq,10AM
Scott Fvggoe,10AM
Giovanni Itwrsm,10AM
Taha Esfwhg,10AM
Andrew Asdfiu,9AM
Tianyu Vzkjbd,11AM
Olivia Vpqnik,9AM
Jingwei Xwnqzt,10AM
Samarth Uvgxjf,11AM
Lin Albweu,11AM
Sophie Dorzfr,11AM
Samantha Sevrgy,9AM
Dhruv Bcmijl,11AM
Elvin Pbrhsw,11AM
Daniel Iymvke,10AM
Faith Jvgifw,10AM
Stephanie Huvrok,9AM
Jingqiao Dphwrn,9AM
Kanako Yemaed,11AM
Juan Jtrnzj,10AM
Tianqi Oodxrd,11AM
Rachel Pnycrj,10AM
Connor Ptmbnq,9AM
Jocelyn Ojvjnc,11AM
Hanzhi Oouehs,11AM
Ryan Nwivbq,9AM
Bicheng Qvlxxk,11AM
Firas Jswjmc,11AM
Spandan Svfvfv,10AM
Summer Ohlbxr,9AM
Alexander Uoddnb,9AM
Ruben Rwgwoq,10AM
Christine Daxtvz,10AM
Hesh Nxxbie,11AM
Gwendal Jgkppi,11AM
Darsh Nwmqnt,11AM
Tzu-Chuan Lzkfrd,10AM
Ryan Oltdqv,10AM
Bomin Fsrirs,10AM
Dannie Ekdajh,9AM
Ashley Ibdhsa,9AM
Hillary Ptzioh,9AM
Lydia Uqltqe,9AM
Jack Jsewbm,10AM
Ruby Oadzgr,9AM
Xinruo Yblhgw,9AM
Karthyayani Nottao,11AM
Tamara Qgnqid,10AM
Natalia Msqztw,9AM
Kucina Kftfzn,11AM
Diego Zwzdud,11AM
Zeyu Wjidpu,11AM
Jasmine Cjkwyj,9AM
Yuma Rlceyv,9AM
Jason Olooge,10AM
Qiyan Zvfuuk,10AM
Kirthin Diybxa,10AM
Joon Fyijly,10AM
Sean Econlf,11AM
Makai Mltesc,11AM
Yash Mwhyya,10AM
Jae Yatisp,9AM
Danylo Rdvzqy,10AM
Paris Zyuyps,11AM
Yaxuan Xsmoov,11AM
Guorui Oxxuam,11AM
Ruite Ecfqen,9AM
Cristhian Ecgpcw,9AM
Ziyao Knmkmd,10AM
Haochen Llvfbn,9AM
Jonathan Jgchdp,9AM
Hetian Yqhpum,10AM
Aditya Euykyv,11AM
Harshil Bkiccz,9AM
Erin Bsixqq,10AM
Zhongyang Xerpet,10AM
Mark Shzgrn,11AM
Lipeng Prvyze,10AM
Ethan Cesiom,11AM
Arthur Lfuxel,10AM
Eric Turupn,10AM
Nyako-Senait Wnlilf,10AM
Sydney Cjzcnp,9AM
Selina Pdtwlx,10AM
Bosen Akdwmq,9AM
Alain Wxefdh,9AM
Shih Cybyxn,9AM
Sofia Tzdbjw,10AM
Ardan Fqernn,9AM
Joseph Vzjmzh,10AM
Joshua Zlzitd,9AM
Aimee Tcqtnv,11AM
Kartik Nufxhz,9AM
Catherine Efzzfq,10AM
James Nhfght,11AM
Ryan Ewvkpg,10AM
Deja Cafwcq,10AM
Wen Pushyu,10AM
Jiaye Tjyrno,10AM
Xiangqing Bqrgcm,10AM
Kate Zsoust,10AM
Katelyn Ebxymy,9AM
Rona Vhhvlf,10AM
Xiaohan Rhnlvt,11AM
Aryan Dulnfq,11AM
Matthew Sswjmb,10AM
Kaimou Ohxfwq,11AM
Jamie Klhrxk,10AM
Ming Yssdec,10AM
Pu-Hung Xsdybv,9AM
Aung Sfkvnk,11AM
Zachary Msjzsa,10AM
Zoe Jgazvn,11AM
Rukun Aolzua,10AM
Ethan Ytyhxw,10AM
Santiago Crjtya,9AM
Crystal Ubjbuy,11AM
Ryan Eqdmmx,11AM
Shannon Ckpake,10AM
Peter Voxobr,11AM
Yifan Xvbrqk,10AM
Dev Kuvqek,10AM
Emily Rgqlrc,11AM
Taylor Rwjaet,10AM
Isaac Hbihzm,11AM
Alejandro Aavgwb,10AM
Claire Ltezhj,10AM
Daniel Nzyxke,11AM
Caleb Vqnknr,9AM
Smrithi Pydtej,10AM
Christian Tfsssy,11AM
Jason Sxpjdt,10AM
Doanh Uxqewa,9AM
Gavin Hgvizs,11AM
Reeva Azorwc,9AM
Zijie Qcqehx,11AM
Haoyang Onwqsm,10AM
Yining Qtfyck,9AM
Samina Cbjqvj,11AM
Dillon Nknpds,9AM
Avni Rzmgax,11AM
Langchen Tyjayg,9AM
Thien-An Wzaymv,10AM
Jaehyun Akxupz,9AM
Phoebe Yphjky,10AM
Derek Nxjmlm,11AM
Sanjith Imeswz,10AM
Aishwarya Xdwtox,10AM
Hannah Vjdgtl,10AM
Kaitly Fvpkku,10AM
Thadius Djneds,11AM
Christine Ngeqtz,11AM
Diego Xgmobp,11AM
Ana Osucao,9AM
Liam Hcxaka,10AM
Aditi Tffyxj,11AM
Theresa Gdbxer,11AM
Hezekiah Uyhfwk,10AM
Ryan Siubvw,9AM
Andrea Hywesw,11AM
Alexa Vnisaj,10AM
Lauren Zrqmza,9AM
Roham Brvsjc,9AM
Angel Xnjrxi,9AM
Niha Lojsus,9AM
Tiffany Fwkmsg,11AM
Fahad Bdjfog,9AM
Seiji Cmgzcu,10AM
Hyunbin Jvtote,9AM
Zack Xczyeo,9AM
Hua Erakjq,9AM
Edward Heunei,11AM
Nicole Yekzud,9AM
Yue Wfkkvs,10AM
Bruce Rinuux,9AM
Rohan Ptnjfo,10AM
Lixin Myxvce,11AM
Diya Jxeeew,11AM
Matti Wwrtfs,9AM
Daima Whpeij,11AM
Linda Bgrqpf,9AM
Lin Vibjps,11AM
Cindy Utystx,9AM
Draconium Xjgccc,11AM
William Bcnzob,9AM
Xingyue Bjbezx,9AM
Dawei Iztujd,11AM
Huiran Hcewlc,9AM
Lucas Fawctt,10AM
Zeyuan Hafmfw,9AM
Orien Fwrtrd,11AM
Weiwen Ymkimh,11AM
Nathaniel Rioume,10AM
Brandon Oernoo,11AM
Liyun Sobaby,9AM
Rudra Mthemn,10AM
Savanna Gkpzii,9AM
Jonathan Lspjmb,9AM
Adrin Tugqmn,9AM
Sarah Lramrp,9AM
Atef Sciycr,10AM
Kamayani Jvzsuy,10AM
Rane Wrhvlx,10AM
Zixuan Mgvizi,10AM
Matthew Gxktnl,9AM
Danny Zsoyxb,10AM
Alex Lrmwwt,11AM
Giovanni Ibkdsu,11AM
