rank,uri,artist_names,track_name,source,peak_rank,previous_rank,days_on_chart,streams
1,"spotify:track:0yLdNVWF3Srea0uzk55zFn","Miley Cyrus","Flowers","Columbia",1,1,9,"3356361"
2,"spotify:track:1Qrg8KqiBpW07V7PNxwwwL","SZA","Kill Bill","Top Dawg Entertainment/RCA Records",1,2,44,"2479445"
3,"spotify:track:2dHHgzDwk4BJdRwy9uXhTO","Metro Boomin, The Weeknd, 21 Savage","Creepin' (with The Weeknd & 21 Savage)","Republic Records",1,3,51,"1337320"
4,"spotify:track:0vjeOZ3Ft5jvAi9SBFJm1j","Metro Boomin, Future, Chris Brown","Superhero (Heroes & Villains) [with Future & Chris Brown]","Republic Records",1,4,51,"1235285"
5,"spotify:track:1bDbXMyjaUIooNwFE9wn0N","Drake, 21 Savage","Rich Flex","OVO / Republic Records",1,5,79,"1109704"
6,"spotify:track:4nrPB8O7Y7wsOCJdgXkthe","Bizarrap, Shakira","Shakira: Bzrp Music Sessions, Vol. 53","DALE PLAY Records",5,6,10,"1051226"
7,"spotify:track:4FyesJzVpA39hbYvcseO2d","Lil Uzi Vert","Just Wanna Rock","Generation Now/Atlantic",4,7,97,"998684"
8,"spotify:track:0V3wPSX9ygBnCm8psDIegu","Taylor Swift","Anti-Hero","Taylor Swift",1,8,93,"936166"
9,"spotify:track:5odlY52u43F5BjByhxg7wg","JVKE","golden hour","JVKE",7,10,152,"870031"
10,"spotify:track:3nqQXoyQOWXiESFLlDF1hG","Sam Smith, Kim Petras","Unholy (feat. Kim Petras)","EMI",1,16,122,"859271"
11,"spotify:track:4k6Uh1HXdhtusDW5y8Gbvy","Steve Lacy","Bad Habit","L-M Records/RCA Records",1,12,207,"855115"
12,"spotify:track:0JXXNGljqupsJaZsgSbMZV","Miguel","Sure Thing","Jive",11,11,110,"828107"
13,"spotify:track:2LBqCSwhJGcFQeTHMVGwy3","The Weeknd","Die For You","Universal Republic Records",8,13,670,"794924"
14,"spotify:track:6dgUya35uo964z7GZXM07g","Sabrina Carpenter","Nonsense","Island Records",14,17,12,"794613"
15,"spotify:track:2GAhgAjOhEmItWLfgisyOn","SZA","Low","Top Dawg Entertainment/RCA Records",4,14,44,"791144"
16,"spotify:track:3WMj8moIAXJhHsyLaqIIHI","Zach Bryan","Something in the Orange","Warner Records",4,15,275,"788003"
17,"spotify:track:4Dvkj6JhhA12EX05fT7y2e","Harry Styles","As It Was","Columbia",1,20,297,"785562"
18,"spotify:track:3fNMgjG8yXaSam46swhz7w","Trippie Redd, Juice WRLD","KNIGHT CRAWLER (feat. Juice WRLD)","TenThousand Projects",9,9,2,"762624"
19,"spotify:track:1xK59OXxi2TAAAbmZK0kBL","d4vd","Romantic Homicide","Darkroom/Interscope Records",2,19,173,"752169"
20,"spotify:track:0IKeDy5bT9G0bA7ZixRT4A","Fuerza Regida, Grupo Frontera","Bebe Dame","Rancho Humilde/Street Mob Records",12,21,27,"742947"
21,"spotify:track:4iZ4pt7kvcaH6Yo8UoZ4s2","SZA","Snooze","Top Dawg Entertainment/RCA Records",9,18,44,"738842"
22,"spotify:track:5WxVXxCMRnvxUKFq40ELwq","RAYE, 070 Shake","Escapism.","Human Re Sources",20,23,48,"693240"
23,"spotify:track:5Y35SjAfXjjG0sFQ3KOxmm","SZA","Nobody Gets Me","Top Dawg Entertainment/RCA Records",3,22,44,"667533"
24,"spotify:track:78Sw5GDo6AlGwTwanjXbGh","d4vd","Here With Me","Darkroom/Interscope Records",19,24,95,"664412"
25,"spotify:track:4uUG5RXrOk84mYEfFvj3cK","David Guetta, Bebe Rexha","I'm Good (Blue)","Parlophone UK",8,27,148,"636946"
26,"spotify:track:2wSTnntOPRi7aQneobFtU4","SZA","Shirt","Top Dawg Entertainment/RCA Records",8,25,86,"609146"
27,"spotify:track:3F5CgOj3wFlRv51JsHbxhe","Drake, 21 Savage","Jimmy Cooks (feat. 21 Savage)","OVO",1,28,219,"579998"
28,"spotify:track:5uU1uuyaUIBOiiUSQG7Wl3","Morgan Wallen","You Proof","Big Loud / Mercury Records / Republic Records",9,30,254,"577715"
29,"spotify:track:68Dni7IE4VyPkTOH9mRWHr","J. Cole","No Role Modelz","Roc Nation Records LLC",7,26,1865,"571613"
30,"spotify:track:1IHWl5LamUGEuP4ozKQSXZ","Bad Bunny","Tití Me Preguntó","Rimas Entertainment LLC",3,40,261,"558615"
31,"spotify:track:6Um358vY92UBv5DloTRX9L","Carin Leon, Grupo Frontera","Que Vuelvas","BorderKid Records/Sony Music Latin",26,36,26,"552808"
32,"spotify:track:4h9wh7iOZ0GGn8QVp4RAOB","OneRepublic","I Ain't Worried","Interscope Records",6,42,230,"545476"
33,"spotify:track:2QjOHCTQ1Jl3zawyYOpxh6","The Neighbourhood","Sweater Weather","Columbia",12,32,881,"543007"
34,"spotify:track:1N8TTK1Uoy7UvQNUazfUt5","ThxSoMch","SPIT IN MY FACE!","Elektra (NEK)",29,34,80,"541716"
35,"spotify:track:7EAMXbLcL0qXmciM5SwMh2","Mac DeMarco","Heart To Heart","Mac’s Record Label",29,29,36,"526868"
36,"spotify:track:5jQI2r1RdgtuT8S3iG8zFC","Taylor Swift","Lavender Haze","Taylor Swift",2,43,92,"524407"
37,"spotify:track:3r8RuvgbX9s7ammBn07D3W","NewJeans","Ditto","ADOR",29,35,33,"522129"
38,"spotify:track:65FftemJ1DbbZ45DUfHJXE","NewJeans","OMG","ADOR",33,33,20,"521844"
39,"spotify:track:4686eQ81DEswHa90bcdlC9","Bailey Zimmerman","Rock and A Hard Place","Warner Music Nashville/Elektra",22,37,225,"519915"
40,"spotify:track:3azJifCSqg9fRij2yKIbWz","Tory Lanez","The Color Violet","One Umbrella Records",26,31,143,"515484"
41,"spotify:track:2mnXxnrX5vCGolNkaFvVeM","Arcángel, Bad Bunny","La Jumpa","Rimas Entertainment LLC.",14,49,51,"501379"
42,"spotify:track:2CSRrnOEELmhpq8iaAi9cd","SZA","Blind","Top Dawg Entertainment/RCA Records",4,38,44,"492958"
43,"spotify:track:6Sq7ltF9Qa7SNFBsV5Cogx","Bad Bunny, Chencho Corleone","Me Porto Bonito","Rimas Entertainment LLC",2,55,261,"479572"
44,"spotify:track:3cBsEDNhFI9E82vPj3kvi3","Morgan Wallen","Wasted On You","Big Loud / Republic",1,50,711,"476747"
45,"spotify:track:3hxIUxnT27p5WcmjGUXNwx","Hotel Ugly","Shut up My Moms Calling","Hotel Ugly, under exclusive license to Amuseio AB",22,41,138,"474295"
46,"spotify:track:1xzi1Jcr7mEi9K2RfzLOqS","Beyoncé","CUFF IT","Parkwood Entertainment/Columbia",6,63,176,"474114"
47,"spotify:track:0WtM2NBVQNNJLh6scP13H8","Rema, Selena Gomez","Calm Down (with Selena Gomez)","Mavin Records / Jonzing World",47,59,126,"469038"
48,"spotify:track:2Hh3ETdQKrmSI3QS0hme7g","Metro Boomin, Future, Don Toliver","Too Many Nights (feat. Don Toliver & with Future)","Republic Records",6,46,51,"465894"
49,"spotify:track:3EaJDYHA0KnX88JvDhL9oa","Steve Lacy","Dark Red","Three Quarter",11,47,537,"460688"
50,"spotify:track:0O6u0VJ46W86TxN9wgyqDj","Post Malone, Doja Cat","I Like You (A Happier Song) (with Doja Cat)","Mercury Records/Republic Records",2,65,232,"450981"
51,"spotify:track:6IyoLWzljeR3ldQo4KWHT6","Yeat","Out thë way","Field Trip Recordings/Geffen Records",48,52,44,"449194"
52,"spotify:track:59nOXPmaKlBfGMDeOVGrIK","Future, Drake, Tems","WAIT FOR U (feat. Drake & Tems)","Epic/Freebandz",2,54,267,"439234"
53,"spotify:track:4rPJSqrov3zqGwXlemLBMw","RAYE, 070 Shake","Escapism. - Sped Up","Human Re Sources",53,60,13,"433878"
54,"spotify:track:38DlSDrx9tgc5Gfq6y3aBa","TWICE","MOONLIGHT SUNRISE","Republic Records - TWICE",39,39,2,"432873"
55,"spotify:track:0QHEIqNKsMoOY5urbzN48u","Meghan Trainor","Made You Look","Epic",23,67,90,"430226"
56,"spotify:track:4WuOWVnAqvEQxgSRrspBgt","Metro Boomin, Travis Scott, 21 Savage","Niagara Falls (Foot or 2) [with Travis Scott & 21 Savage]","Republic Records",5,57,51,"427967"
57,"spotify:track:58ge6dfP91o9oXMzq3XkIS","Arctic Monkeys","505","Domino/Warner Records",13,56,716,"418665"
58,"spotify:track:23Lyy7ZXRvzfgH4JtDkKrX","Grupo Frontera","No Se Va - En Vivo","Grupo Frontera",44,79,115,"415929"
59,"spotify:track:5ww2BF9slyYgNOk37BlC4u","Manuel Turizo","La Bachata","Sony Music Latin/La Industria",48,66,155,"414316"
60,"spotify:track:02MWAaffLxlfxAUY7c5dvx","Glass Animals","Heat Waves","Polydor Records",1,70,787,"412095"
61,"spotify:track:1Y3LN4zO1Edc2EluIoSPJN","Stephen Sanchez, Em Beihold","Until I Found You (with Em Beihold) - Em Beihold Version","Republic Records",12,72,47,"406686"
62,"spotify:track:3QFInJAm9eyaho5vBzxInN","Baby Keem, Kendrick Lamar","family ties (with Kendrick Lamar)","Columbia",3,64,511,"404405"
63,"spotify:track:4PMqSO5qyjpvzhlLI5GnID","SZA","Good Days","Top Dawg Entertainment/RCA Records",1,62,628,"402725"
64,"spotify:track:49GYvCcvMQq1SY3f7Y347h","HARDY, Lainey Wilson","wait in the truck (feat. Lainey Wilson)","Big Loud Records / Big Loud Rock",61,61,6,"402208"
65,"spotify:track:4vVjPTApwXZwB2H3mBq3ml","Quavo, Takeoff","HOTEL LOBBY (Unc & Phew)","Quality Control Music/Motown Records",41,73,188,"400236"
66,"spotify:track:2q2HyvGHcDbIgHi9o5gpFQ","Trippie Redd, Lil Baby","DARK BROTHERHOOD (feat. Lil Baby)","TenThousand Projects",45,45,2,"399600"
67,"spotify:track:11BKm0j4eYoCPPpCONAVwA","Lady Gaga","Bloody Mary","Interscope",41,93,50,"389250"
68,"spotify:track:3rWDp9tBPQR9z6U5YyRSK4","Taylor Swift","Midnight Rain","Taylor Swift",3,77,92,"385720"
69,"spotify:track:7H0ya83CMmgFcOhw0UB6ow","Beach House","Space Song","Sub Pop Records",46,71,573,"382674"
70,"spotify:track:3NanY0K4okhIQzL33U5Ad8","PinkPantheress","Boy's a liar","Warner Records",61,78,51,"382140"
71,"spotify:track:1qEmFfgcLObUfQm0j1W2CK","Harry Styles","Late Night Talking","Columbia",2,86,243,"380852"
72,"spotify:track:54ELExv56KCAB4UP9cOCzC","Ñengo Flow, Bad Bunny","Gato de Noche","Rimas Entertainment LLC",19,88,30,"380207"
73,"spotify:track:5XeFesFbtLpXzIVDNQP22n","Arctic Monkeys","I Wanna Be Yours","Domino Recording Co",55,69,129,"378429"
74,"spotify:track:2D3JfPyY2LkzXgNOb7qziR","HARDY, Morgan Wallen","red (feat. Morgan Wallen)","Big Loud Records / Big Loud Rock",48,48,2,"377331"
75,"spotify:track:2HbKqm4o0w5wEeEFXm2sD4","Kendrick Lamar, Jay Rock","Money Trees","Aftermath",38,74,745,"375101"
76,"spotify:track:5gDWsRxpJ2lZAffh5p7K0w","The Weeknd, Lana Del Rey","Stargirl Interlude","Universal Republic Records",42,68,206,"372624"
77,"spotify:track:5UWwZ5lm5PKu6eKsHAGxOk","Foo Fighters","Everlong","RCA Records Label",36,75,162,"363589"
78,"spotify:track:7MXVkk9YMctZqd1Srtv4MB","The Weeknd, Daft Punk","Starboy","Universal Republic Records",3,81,709,"361999"
79,"spotify:track:0hquQWY3xvYqN4qtiquniF","Doja Cat","Vegas (From the Original Motion Picture Soundtrack ELVIS)","Kemosabe Records/RCA Records",7,115,258,"360546"
80,"spotify:track:1lRtH4FszTrwwlK5gTSbXO","Natanael Cano, Peso Pluma, Gabito Ballesteros","AMG","WEA Latina",80,111,8,"360429"
81,"spotify:track:48UKTR66uUOT9LaUvooTNx","Luke Combs","The Kind of Love We Make","River House Artists/Columbia Nashville",9,98,217,"360343"
82,"spotify:track:54ipXppHLA8U4yqpOFTUhr","Imagine Dragons","Bones","Kid Ina Korner / Interscope",49,112,175,"359179"
83,"spotify:track:5Eax0qFko2dh7Rl2lYs3bx","Bad Bunny","Efecto","Rimas Entertainment LLC",9,110,260,"357096"
84,"spotify:track:2yjlYDiNiQkdxVqTlaSrlX","Nicki Minaj","Super Freaky Girl","Republic Records",2,126,161,"355735"
85,"spotify:track:6BQrmjAgPfPTwILoFEK3Hd","Kali Uchis","I Wish you Roses","Geffen Records",51,51,2,"354859"
86,"spotify:track:5IgjP7X4th6nMNDh4akUHb","Chris Brown","Under The Influence","Chris Brown Entertainment/RCA Records",21,103,166,"352731"
87,"spotify:track:45M6MPP3yI5I1PXse40lpR","Trippie Redd, Future, Lil Baby","FULLY LOADED (feat. Future & Lil Baby)","TenThousand Projects",44,44,2,"351165"
88,"spotify:track:4EWCNWgDS8707fNSZ1oaA5","Kanye West","Heartless","Roc-A-Fella",38,84,463,"350623"
89,"spotify:track:6UN73IYd0hZxLi8wFPMQij","Coi Leray","Players","Uptown / Republic Records",89,130,9,"350027"
90,"spotify:track:4h5x3XHLVYFJaItKuO2rhy","SZA, Phoebe Bridgers","Ghost in the Machine (feat. Phoebe Bridgers)","Top Dawg Entertainment/RCA Records",11,90,44,"349572"
91,"spotify:track:2TktkzfozZifbQhXjT6I33","Omar Apollo","Evergreen (You Didn’t Deserve Me At All)","Warner Records",8,85,130,"349170"
92,"spotify:track:6HMtHNpW6YPi1hrw9tgF8P","Lizzo","About Damn Time","Nice Life/Atlantic",3,128,267,"347924"
93,"spotify:track:5TXDeTFVRVY7Cvt0Dw4vWW","XXXTENTACION","Revenge","Bad Vibes Forever / EMPIRE",16,99,436,"346052"
94,"spotify:track:4ewazQLXFTDC8XvCbhvtXs","Joji","Glimpse of Us","88rising Music/Warner Records",1,87,225,"345952"
95,"spotify:track:6NHpyYvJyQsg2nXXzGYc2R","Morgan Wallen","Thought You Should Know","Big Loud Records / Republic Records",14,109,254,"344746"
96,"spotify:track:3E7dfMvvCLUddWissuqMwr","Miley Cyrus","Party In The U.S.A.","Hollywood Records",15,129,141,"342857"
97,"spotify:track:1eIXYZWEfJO3Na2LCCnIJE","SZA","Love Language","Top Dawg Entertainment/RCA Records",7,91,44,"342428"
98,"spotify:track:4tqcoej1zPvwePZCzuAjJd","J. Cole","Wet Dreamz","Roc Nation Records LLC",63,80,451,"342250"
99,"spotify:track:3xKsf9qdS1CyvXSMEid6g8","Frank Ocean","Pink + White","Boys Don't Cry",69,94,154,"341619"
100,"spotify:track:6pcywuOeGGWeOQzdUyti6k","21 Savage, Metro Boomin","Glock In My Lap","Slaughter Gang, LLC/Epic/Boominati Worldwide/Republic",3,82,106,"340082"
101,"spotify:track:78QR3Wp35dqAhFEc2qAGjE","Lil Baby, Gunna","Drip Too Hard (Lil Baby & Gunna)","Quality Control Music/Young Stoner Life Records, a 300 Entertainment Label/Motown Records/Capitol Records",1,116,1500,"339573"
102,"spotify:track:7fBv7CLKzipRk6EC6TWHOB","The Weeknd","The Hills","Universal Republic Records",7,101,698,"334354"
103,"spotify:track:6eT2V7nKXyMf47TwPbtgAD","SZA","Seek & Destroy","Top Dawg Entertainment/RCA Records",4,107,44,"334349"
104,"spotify:track:6SroqZFR8fPAcvhteW5y9W","Trippie Redd, Travis Scott","KRZY TRAIN (feat. Travis Scott)","TenThousand Projects",53,53,2,"334042"
105,"spotify:track:6BePGk3eCan4FqaW2X8Qy3","Tiësto, Tate McRae","10:35","Atlantic Records",105,123,25,"333082"
106,"spotify:track:5BbdKBZO0TH0GhfxUfyhL9","Lil Baby","Freestyle","Quality Control Music (Caroline)",51,96,219,"331651"
107,"spotify:track:37F7E7BKEw2E4O2L7u0IEp","Freddie Dredd","Limbo","Doomshop Records/RCA Records",80,122,68,"330858"
108,"spotify:track:2KLwPaRDOB87XOYAT2fgxh","Drake, 21 Savage, Travis Scott","Pussy & Millions (feat. Travis Scott)","OVO / Republic Records",3,105,78,"330537"
109,"spotify:track:0B7wvvmu9EISAwZnOpjhNI","Bruno Mars","When I Was Your Man","Atlantic Records",107,119,69,"328770"
110,"spotify:track:1cKHdTo9u0ZymJdPGSh6nq","The Weeknd, Gesaffelstein","I Was Never There","Universal Republic Records",5,97,209,"328724"
111,"spotify:track:3AVrVz5rK8Hrqo9YGiVGN5","Cigarettes After Sex","Apocalypse","PTKF",42,95,194,"327952"
112,"spotify:track:5wG3HvLhF6Y5KTGlK0IW3J","Metro Boomin, Travis Scott, Young Thug","Trance (with Travis Scott & Young Thug)","Republic Records",15,106,23,"327744"
113,"spotify:track:3Z0qLOS0cqWKPHXkbTXmNF","Cults","Gilded Lily","Sinderlyn/Columbia",64,100,42,"325659"
114,"spotify:track:577YBGuskWkVDCxZrLRB4v","Lil Baby","Pure Cocaine","Quality Control Music/Motown Records/Capitol Records",21,102,270,"325631"
115,"spotify:track:4VXIryQMWpIdGgYR4TrjT1","Juice WRLD","All Girls Are The Same","Juice WRLD Mixtape / ISR P&D",5,141,1705,"325617"
116,"spotify:track:3XgGQ1wjo5khvq2UImjyNF","Brent Faiyaz","ALL MINE","Lost Kids LLC., Marketed by Venice / Stem",7,92,167,"323823"
117,"spotify:track:3GYlZ7tbxLOxe6ewMNVTkw","Billie Eilish","TV","Darkroom/Interscope Records",8,104,127,"322391"
118,"spotify:track:73vIOb4Q7YN6HeJTbscRx5","Oliver Tree, Robin Schulz","Miss You","Atlantic Records",41,153,99,"320802"
119,"spotify:track:7KokYm8cMIXCsGVmUvKtqf","Taylor Swift","Karma","Taylor Swift",4,125,91,"319575"
120,"spotify:track:5UNMyX2AzF8X90wAYAxG6Q","Lainey Wilson","Heart Like A Truck","Broken Bow Records",120,137,11,"318542"
121,"spotify:track:7jtQIBanIiJOMS6RyCx6jZ","Tom Odell","Another Love","ITNO/Columbia",78,127,131,"318326"
122,"spotify:track:6vN77lE9LK6HP2DewaN6HZ","Lil Baby, Drake","Yes Indeed","Quality Control Music, LLC",2,118,994,"318132"
123,"spotify:track:2Dct3GykKZ58hpWRFfe2Qd","Zach Bryan","Heading South","Warner Records",61,121,81,"314933"
124,"spotify:track:6foY66mWZN0pSRjZ408c00","Morgan Wallen","Whiskey Glasses","Big Loud Records",33,144,1348,"314927"
125,"spotify:track:2BcMwX1MPV6ZHP4tUT9uq6","Drake, 21 Savage, Project Pat","Knife Talk (with 21 Savage ft. Project Pat)","OVO",2,133,495,"314129"
126,"spotify:track:3qoftcUZaUOncvIYjFSPdE","Taylor Swift","Bejeweled","Taylor Swift",8,134,91,"313034"
127,"spotify:track:561jH07mF1jHuk7KlaeF0s","Eminem","Mockingbird","Aftermath",94,143,75,"311495"
128,"spotify:track:0VjIjW4GlUZAMYd2vXMi3b","The Weeknd","Blinding Lights","Republic Records",1,149,1124,"311176"
129,"spotify:track:7KA4W4McWYRpgf0fWsJZWB","Tyler, The Creator, Kali Uchis","See You Again (feat. Kali Uchis)","Columbia",24,113,589,"310683"
130,"spotify:track:567e29TDzLwZwfDuEpGTwo","The Kid LAROI, Justin Bieber","STAY (with Justin Bieber)","Columbia",1,154,555,"310500"
131,"spotify:track:4RvWPyQ5RL0ao9LPZeSouE","Tears For Fears","Everybody Wants To Rule The World","UMC (Universal Music Catalogue)",44,157,217,"307046"
132,"spotify:track:4AFsRbaLKRWo3dDtjDFA2V","Childish Gambino","Me and Your Mama","Glassnote Entertainment Group LLC",43,108,264,"306972"
133,"spotify:track:6KGtAlYvgm4W9PoYabFAYE","Morgan Wallen","One Thing At A Time","Big Loud Records / Mercury Records / Republic Records",7,132,42,"306928"
134,"spotify:track:3sNVsP50132BTNlImLx70i","Kanye West","Bound 2","Rock The World/IDJ/Kanye/LP6",20,124,384,"306740"
135,"spotify:track:0RiRZpuVRbi7oqRdSMwhQY","Post Malone, Swae Lee","Sunflower - Spider-Man: Into the Spider-Verse","Republic Records",1,169,1530,"305453"
136,"spotify:track:3lE8TCA1FKNQthjj73Sjrv","Ice Spice, Lil Tjay","Gangsta Boo (with Lil Tjay)","10K Projects/Capitol Records",136,148,2,"305078"
137,"spotify:track:26b3oVLrRUaaybJulow9kz","Libianca","People","5K Records Limited",113,156,7,"304243"
138,"spotify:track:6Ox1rvlwEpB49drasQm6RF","Lil Peep","Star Shopping","Lil Peep",88,114,442,"303644"
139,"spotify:track:2JvzF1RMd7lE3KmFlsyZD8","J. Cole","MIDDLE CHILD","Dreamville, Inc., Under exclusive license to Roc Nation Records",1,161,1133,"301211"
140,"spotify:track:003vvx7Niy0yvhvHt4a68B","The Killers","Mr. Brightside","Island Records",35,167,886,"300485"
141,"spotify:track:3eX0NZfLtGzoLUxPNvRfqm","Taylor Swift","Maroon","Taylor Swift",3,139,91,"296254"
142,"spotify:track:5fEB6ZmVkg63GZg9qO86jh","PARTYNEXTDOOR","Break from Toronto","OVO Sound",100,120,39,"296220"
143,"spotify:track:285pBltuF7vW8TeWk8hdRR","Juice WRLD","Lucid Dreams","Juice WRLD Mixtape / ISR P&D",1,191,1697,"296141"
144,"spotify:track:1brnLTvarI9D1hLP6z2Ar8","Kane Brown, Katelyn Brown","Thank God","RCA Records Label Nashville",38,179,36,"295350"
145,"spotify:track:4D7BCuvgdJlYvlX5WlN54t","Taylor Swift","You're On Your Own, Kid","Taylor Swift",5,138,91,"293838"
146,"spotify:track:7sO5G9EABYOXQKNPNiE9NR","Offset, Metro Boomin","Ric Flair Drip (with Metro Boomin)","Slaughter Gang, LLC/Epic/Quality Control Music/Motown/Capitol/Boominati Worldwide/Republic",4,158,1089,"293415"
147,"spotify:track:0mflMxspEfB0VbI1kyLiAv","Noah Kahan","Stick Season","Mercury Records/Republic Records",33,151,192,"291261"
148,"spotify:track:6VhuP99TE6gYNQRJIlAWFD","Stephen Sanchez","Until I Found You","Republic Records",27,164,253,"290495"
149,"spotify:track:6HBRLaSQ7NB8MNlaqzYen1","Jordan Davis","What My World Spins Around","MCA Nashville",135,180,59,"289839"
150,"spotify:track:5oeOWXjH8NZFOWP0SpSXqV","Mac DeMarco","Chamber Of Reflection","Captured Tracks",134,155,21,"289153"
151,"spotify:track:1R0a2iXumgCiFb7HEZ7gUE","Taylor Swift","Don’t Blame Me","Big Machine Records, LLC",73,195,205,"288856"
152,"spotify:track:0uxSUdBrJy9Un0EYoBowng","Lil Uzi Vert","20 Min","Generation Now/Atlantic",45,165,1036,"288649"
153,"spotify:track:5TRPicyLGbAF2LGBFbHGvO","Kanye West, Dwele","Flashing Lights","Roc-A-Fella",48,145,362,"288532"
154,"spotify:track:6koKhrBBcExADvWuOgceNZ","SZA, Travis Scott","Open Arms (feat. Travis Scott)","Top Dawg Entertainment/RCA Records",24,136,43,"287924"
155,"spotify:track:65OVbaJR5O1RmwOQx0875b","Drake, Lil Baby","Wants and Needs (feat. Lil Baby)","OVO",2,160,669,"287912"
156,"spotify:track:3pXF1nA74528Edde4of9CC","Bryson Tiller","Don't","TrapSoul/RCA Records",77,142,530,"287789"
157,"spotify:track:3fqwjXwUGN6vbzIwvyFMhx","Chris Stapleton","Tennessee Whiskey","Mercury Nashville",55,196,593,"287447"
158,"spotify:track:3JEJwjqLkg2Jbau5922CAb","PARTYNEXTDOOR","Her Way","OVO Sound",158,162,3,"287010"
159,"spotify:track:2ZL7WZcjuYKi1KUDtp4kCC","Drake, 21 Savage","Spin Bout U","OVO / Republic Records",5,152,77,"287010"
160,"spotify:track:58k32my5lKofeZRtIvBDg9","Baby Keem","HONEST","Baby Keem LLC",30,140,175,"285939"
161,"spotify:track:5MwynWK9s4hlyKHqhkNn4A","Morgan Wallen","Chasin' You","Big Loud Records",47,188,711,"285690"
162,"spotify:track:7KXVIAuw3m2hxZanrpSXS3","GloRilla, Cardi B","Tomorrow 2 (with Cardi B)","CMG/Interscope Records",39,-1,105,"285488"
163,"spotify:track:4lH6nENd1y81jp7Yt9lTBX","Future","Solo","Epic/Freebandz/A1",99,131,81,"285417"
164,"spotify:track:0yUaLqhsVsguBpoOPL4cO7","Ice Spice","In Ha Mood","10K Projects/Capitol Records",159,159,2,"284390"
165,"spotify:track:01Lr5YepbgjXAWR9iOEyH1","Chief Keef","Love Sosa","UMGRI Interscope",41,185,338,"283371"
166,"spotify:track:26hOm7dTtBi0TdpDGl141t","Joji","Die For You","88rising Music/Warner Records",19,177,74,"282153"
167,"spotify:track:4h4QlmocP3IuwYEj2j14p8","Nicky Youre, dazy","Sunroof","Thirty Knots/Columbia",19,-1,260,"281409"
168,"spotify:track:09mEdoA6zrmBPgTEN5qXmN","The Weeknd","Call Out My Name","Universal Republic Records",1,147,495,"281141"
169,"spotify:track:2J6OF7CkpdQGSfm1wdclqn","Brent Faiyaz","Clouded","Lost Kids",56,135,104,"280921"
170,"spotify:track:4SqWKzw0CbA05TGszDgMlc","The Walters","I Love You So","Warner Records",7,175,455,"280017"
171,"spotify:track:0wXuerDYiBnERgIpbb3JBR","Childish Gambino","Redbone","Glassnote Entertainment Group LLC",8,168,1056,"279617"
172,"spotify:track:200x8ONbPfFzByUr3fVz46","Cole Swindell","She Had Me At Heads Carolina","Warner Music Nashville",33,-1,195,"279497"
173,"spotify:track:2Yt4SXIgmoaPZHGdRafp4P","Metro Boomin, 21 Savage, Young Nudy","Umbrella (with 21 Savage & Young Nudy)","Republic Records",5,171,35,"279119"
174,"spotify:track:7DbdUf8aHSYoliSjO6LZv6","Beach Weather","Sex, Drugs, Etc.","8123 / Arista Records",51,163,136,"278168"
175,"spotify:track:2xB46Bj9HZ4cr058yN4Pla","A Boogie Wit da Hoodie","Secrets","Highbridge the Label / Atlantic Records",163,181,18,"277725"
176,"spotify:track:4NqkE7kRUvMDEdcqD96EDO","SZA, Don Toliver","Used (feat. Don Toliver)","Top Dawg Entertainment/RCA Records",8,170,43,"277212"
177,"spotify:track:67AdiJcurlf6gocGobfaXs","Luke Combs","Going, Going, Gone","River House Artists/Columbia Nashville",108,190,12,"277109"
178,"spotify:track:3GCdLUSnKSMJhs4Tj6CV3s","Kendrick Lamar, SZA","All The Stars (with SZA)","Black Panther (TDE/DMG) PS",2,174,427,"277037"
179,"spotify:track:1qMMYpVatbRITKCfq1gasi","Future","PUFFIN ON ZOOTIEZ","Epic/Freebandz",4,150,249,"276671"
180,"spotify:track:6RQ5IwG7uADz9LDWliJGjU","SZA","Special","Top Dawg Entertainment/RCA Records",15,166,43,"276647"
181,"spotify:track:34tz0eDhGuFErIuW3q4mPX","Drake, 21 Savage","On BS","OVO / Republic Records",3,172,77,"276644"
182,"spotify:track:7D7e6hm2LiNd6nLuJF6K9Q","80purppp","Hex","80purppp",182,-1,2,"275196"
183,"spotify:track:0ofHAoxe9vBkTCp2UQIavz","Fleetwood Mac","Dreams - 2004 Remaster","Rhino/Warner Records",6,-1,796,"275056"
184,"spotify:track:2qOm7ukLyHUXWyR4ZWLwxA","Ice Cube","It Was A Good Day","Priority Records",91,192,225,"274320"
185,"spotify:track:5FkJHVudUByVjanCqFXRql","Mr.Kitty","After Dark","Negative Gain Productions",114,194,172,"274127"
186,"spotify:track:51pshtuYkgUQnt5huMPbKL","Mac Miller","The Spins","Rostrum Records",54,-1,626,"274107"
187,"spotify:track:3k3NWokhRRkEPhCzPmV8TW","Bad Bunny, Bomba Estéreo","Ojitos Lindos","Rimas Entertainment LLC",10,-1,249,"273539"
188,"spotify:track:6rOy9SIawgruuIWLP5divC","La Maquinaria Norteña","Eres Ese Algo","UMLE - Fonovisa",188,200,2,"272864"
189,"spotify:track:3fl4zil6HJ0N1FL3YIRwdC","Megan Moroney","Tennessee Orange","Arista Nashville/Columbia Records",86,189,50,"271803"
190,"spotify:track:2R4AlwtrrkMaRKojcTIzmL","Mac DeMarco","For the First Time","Captured Tracks",139,173,17,"271069"
191,"spotify:track:2aJnyNu4PQxQ2lyj5boiMG","SZA","I Hate U","Top Dawg Entertainment/RCA Records",1,182,199,"271047"
192,"spotify:track:6TBzRwnX2oYd8aOrOuyK1p","Oscar Maydon, Junior H","Fin de Semana","Rancho Humilde",110,-1,7,"270227"
193,"spotify:track:7yq4Qj7cqayVTp3FF9CWbm","Vance Joy","Riptide","Atlantic Records",80,198,158,"269573"
194,"spotify:track:6PGoSes0D9eUDeeAafB2As","Kendrick Lamar, Zacari","LOVE. FEAT. ZACARI.","Aftermath",5,183,837,"269257"
195,"spotify:track:1W24W6jQegnNh0x5DfBBPT","Trippie Redd","The Grinch","TenThousand Projects, LLC",65,193,27,"269128"
196,"spotify:track:5jfhLCSIFUO4ndzNRh4w4G","Zach Bryan","Burn, Burn, Burn","Warner Records",30,178,26,"267772"
197,"spotify:track:3zkyus0njMCL6phZmNNEeN","Central Cee","LET GO","Central Cee",165,-1,13,"267401"
198,"spotify:track:46s57QULU02Voy0Kup6UEb","Drake, 21 Savage","Major Distribution","OVO / Republic Records",2,199,77,"266986"
199,"spotify:track:1SjsVdSXpwm1kTdYEHoPIT","Zach Bryan","Sun to Me","Warner Records",95,186,16,"266968"
200,"spotify:track:3yfqSUWxFvZELEM4PmlwIR","Eminem","The Real Slim Shady","Interscope",16,-1,209,"266698"
